segment_name,age,income,spending_score,membership_years,purchase_frequency,last_purchase_amount,customer_count,top_category,marketing_strategy
High Value Customers,51.17,124051.95,66.58,5.59,28.35,725.07,150,Home & Garden,"Here's a brief marketing strategy for your High Value Customers:

1.  **One-sentence persona description:** An affluent, loyal, and frequent buyer in their early 50s who consistently invests in high-quality Home & Garden products.

2.  **Top 3 marketing recommendations:**
    *   **Exclusive VIP Program:** Offer a premium loyalty tier with early access to new Home & Garden collections, personalized styling advice, or members-only events.
    *   **Curated Product Bundles:** Develop seasonal or thematic Home & Garden bundles (e.g., ""Luxury Garden Refresh Kit"") based on their purchase history to encourage larger basket sizes.
    *   **Expert Content & Workshops:** Provide valuable, high-quality content like advanced gardening guides, home improvement workshops, or one-on-one consultations to solidify brand authority and engagement.

3.  **Best channel to reach them:** Personalized Email Marketing"
Infrequent Big Spenders,42.41,71998.33,27.99,3.9,21.67,779.07,174,Electronics,"Here's a brief marketing strategy for the ""Infrequent Big Spenders"" segment:

1.  **One-sentence persona description:**
    This segment comprises established, discerning customers (around 42 years old) who, while not frequent small shoppers, make significant, purposeful investments primarily in high-value electronics.

2.  **Top 3 marketing recommendations:**
    *   **Exclusive Electronics Previews & Offers:** Provide early access or personalized bundles on new technology and high-value electronic items, leveraging their category preference and big spending.
    *   **Targeted Re-engagement Campaigns:** Utilize their purchase history to send personalized recommendations or upgrade incentives (e.g., ""Time to upgrade your [specific product]?"") to prompt their next large purchase.
    *   **Highlight Quality, Performance, & Value:** Focus marketing messages on the longevity, advanced features, and long-term value of products, rather than just discounts, to appeal to their investment mindset.

3.  **Best channel to reach them:**
    Personalized Email Marketing"
Loyal Everyday Shoppers,50.46,56257.02,69.32,7.05,33.25,600.73,170,Sports,"Here's a brief marketing strategy for your ""Loyal Everyday Shoppers"" segment:

1.  **Persona Description:** A loyal, middle-aged sports enthusiast with stable income, who frequently makes substantial purchases and values long-term relationships.

2.  **Top 3 Marketing Recommendations:**
    *   **Enhance Loyalty Rewards:** Introduce exclusive tiered benefits, early access to new sports products, or personalized anniversary gifts to recognize their long-term commitment.
    *   **Personalized Sports Offers:** Deliver highly targeted promotions and content on sports equipment, apparel, or related services based on their specific interests and purchase history.
    *   **VIP Feedback & Engagement:** Invite them to exclusive product feedback groups or offer dedicated support to deepen their sense of value and strengthen the brand relationship.

3.  **Best Channel to Reach Them:** Personalized Email Marketing"
Older Inactive Shoppers,56.35,100017.9,30.34,5.15,22.33,230.11,164,Sports,"Here's a brief marketing strategy for the ""Older Inactive Shoppers"" segment:

1.  **One-sentence persona description:** An affluent, long-term member in their late 50s who frequently makes smaller purchases, showing loyalty but low overall spend, with a clear interest in sports.

2.  **Top 3 marketing recommendations:**
    *   **Curated Sports Upgrade Offers:** Promote higher-value sports equipment, apparel, or experience packages tailored to their interests, emphasizing quality, durability, and convenience.
    *   **Exclusive Loyalty Tier Program:** Introduce a tiered rewards program specifically for long-term members to incentivize increased spending through exclusive discounts, early access, or personalized services.
    *   **Bundle & Save Promotions:** Create appealing product bundles in their preferred category (Sports) that offer significant perceived value, encouraging a larger basket size per purchase.

3.  **Best channel to reach them:** Personalized Email Campaigns"
Young Active Shoppers,29.37,100375.52,40.3,7.11,36.19,351.43,177,Electronics,"Here's a brief marketing strategy for ""Young Active Shoppers"":

1.  **One-sentence persona description:** A tech-savvy and loyal young professional with high disposable income who frequently invests in the latest electronics and values a personalized shopping experience.

2.  **Top 3 marketing recommendations:**
    *   **Hyper-personalized Tech Offers:** Leverage their high purchase frequency to recommend tailored upgrades, new accessories, and relevant electronic gadgets based on past buying behavior.
    *   **Exclusive Loyalty Program:** Reward their significant membership tenure (7+ years) with early access to new product launches, members-only bundles, and premium support in the electronics category.
    *   **Engaging Video Content & Reviews:** Create and distribute compelling video content (e.g., detailed reviews, comparison guides, ""how-to"" tutorials, tech trend analyses) showcasing the innovation and value of electronics.

3.  **Best channel to reach them:** **Social Media (YouTube, Instagram, TikTok)**, complemented by highly targeted digital advertising on tech-focused platforms."
Young Casual Shoppers,34.59,82619.4,72.33,3.95,17.29,278.58,165,Groceries,"Here is a concise marketing strategy for ""Young Casual Shoppers"":

1.  **One-sentence persona description:** A loyal and busy 35-year-old, frequently stocking up on groceries, who appreciates value and convenience in their consistent shopping habits.

2.  **Top 3 marketing recommendations:**
    *   **Personalized Loyalty Offers:** Leverage their high frequency and long membership with targeted discounts on groceries, recipe inspirations, or exclusive early access to popular products.
    *   **Streamlined Digital Convenience:** Enhance online ordering, quick re-order features, and efficient delivery/pickup options to cater to their busy lifestyle and frequent grocery needs.
    *   **Value-Driven Bundles & Subscriptions:** Introduce recurring grocery bundles or ""stock-up"" deals that offer perceived value and simplify repeat purchases for their most popular category.

3.  **Best channel to reach them:** Email Marketing (for personalized offers and promotions) combined with In-App Notifications (for convenience and real-time deals)."
